<?xml version="1.0" encoding="UTF-8"?>
<CloudCompare>
    <ColorScale version="1">
        <Properties>
            <name>Toronto_3D</name>
            <uuid>{14b43a50-a14e-435d-a38a-543b3e8e7b05}</uuid>
            <absolute>1</absolute>
            <minValue>0</minValue>
            <range>8</range>
        </Properties>
        <Data>
            <step r="128" g="0" b="128" pos="0"/>
            <step r="128" g="128" b="128" pos="0.125"/>
            <step r="32" g="255" b="255" pos="0.25"/>
            <step r="16" g="128" b="1" pos="0.375"/>
            <step r="0" g="0" b="255" pos="0.5"/>
            <step r="33" g="255" b="6" pos="0.625"/>
            <step r="252" g="2" b="255" pos="0.75"/>
            <step r="253" g="128" b="8" pos="0.875"/>
            <step r="255" g="255" b="10" pos="1"/>
            <step r="255" g="0" b="0" pos="1"/>
            <label val="0"/>
            <label val="1"/>
            <label val="2"/>
            <label val="3"/>
            <label val="4"/>
            <label val="5"/>
            <label val="6"/>
            <label val="7"/>
            <label val="8"/>
        </Data>
    </ColorScale>
</CloudCompare>
